ObjectID,GlobalID,CreationDate,Creator,EditDate,Editor,Today's date,Tree ID,Other - Tree ID,"If Tree ID marked as 'Other', please explain",Species,Other - Species,Leafout Tracking - Blue Oaks,Leafout Tracking - Live Oaks,Percent Brown,Mistletoe,Lichen Survey,How robust is the lichen on the tree? ,General phenology,Notes,Tree DBH (diameter at nail),General phenology,Acorn survey side 1,Acorn survey side 2,x,y
1,ba7fefa1-a249-4dcf-84a3-211de8cda8a4,3/9/2024 12:08:11 AM,mburnett@umail.ucsb.edu_ucsb,3/9/2024 12:08:11 AM,mburnett@umail.ucsb.edu_ucsb,3/8/2024 8:00:00 PM,2371,,,Blue Oak,,1,,,0,51-75% of branch surface a,Lichen biomass is similar to le,,,100.9,,,,-120.039529257411,34.6930678094245
2,b11082f8-ab5e-4432-a134-5aa03cd2a12b,3/9/2024 12:08:14 AM,mburnett@umail.ucsb.edu_ucsb,3/9/2024 12:08:14 AM,mburnett@umail.ucsb.edu_ucsb,3/8/2024 7:22:51 PM,2301,,,Live Oak,,,8,<5%,0,51-75% of branch surface a,Lichen contributes somewhat to,Leaves,,49,,,,-120.046357357474,34.6910857994623
3,20a82bbb-6d4c-4e94-b0e6-95cda490f957,3/9/2024 12:08:17 AM,mburnett@umail.ucsb.edu_ucsb,3/9/2024 12:08:17 AM,mburnett@umail.ucsb.edu_ucsb,3/8/2024 8:00:00 PM,2331,,,Live Oak,,,3,<5%,0,51-75% of branch surface a,Lichen contributes somewhat to,Flowers or flower buds,Leaf and flower buds?,35.8,,,,-120.0461624349,34.6909859389564
4,e7e5e7ae-8fcc-4c4f-8d0f-0c09fa3b5eab,3/9/2024 12:08:20 AM,mburnett@umail.ucsb.edu_ucsb,3/9/2024 12:08:20 AM,mburnett@umail.ucsb.edu_ucsb,3/8/2024 7:38:05 PM,2354,,,Live Oak,,,1,<5%,0,26-50% of branch surface area,Lichen contributes somewhat to,Leaves,,96.8,,,,-120.047635892705,34.690591412628
5,dada2285-81f3-4fce-9d8b-5a4bd883cb38,3/9/2024 12:08:22 AM,mburnett@umail.ucsb.edu_ucsb,3/9/2024 12:08:22 AM,mburnett@umail.ucsb.edu_ucsb,3/8/2024 8:00:00 PM,2352,,,Live Oak,,,3,<5%,0,10-25% of branch surface area,Lichen is wispy or mostly small,Flowers or flower buds,Leaf and flower buds?,54.223,,,,-120.047717122376,34.6905263006924
6,8fe29296-697d-44e2-bf8d-d812a3965e45,3/9/2024 12:08:30 AM,mburnett@umail.ucsb.edu_ucsb,3/9/2024 12:08:30 AM,mburnett@umail.ucsb.edu_ucsb,3/8/2024 8:00:00 PM,2377,,,Live Oak,,,2,,,10-25% of branch surface area,Lichen is wispy or mostly small,Leaves,"Leaves, breaking leaf buds, and also breaking flower buds, some expanding leavss",69.4,,,,-120.047755419189,34.690705983204
7,303be59e-fe0b-487d-a0e6-88c0886abef7,3/9/2024 12:08:44 AM,mburnett@umail.ucsb.edu_ucsb,3/9/2024 12:08:44 AM,mburnett@umail.ucsb.edu_ucsb,3/8/2024 8:00:00 PM,2378,,,Blue Oak,,2,,<5%,0,10-25% of branch surface area,Lichen is wispy or mostly small,Breaking leaf buds,,46,,,,-120.047951520341,34.6906945658916
8,02c5df58-96fc-43c8-9178-aa1f92450728,3/9/2024 12:08:59 AM,mburnett@umail.ucsb.edu_ucsb,3/9/2024 12:08:59 AM,mburnett@umail.ucsb.edu_ucsb,3/8/2024 8:06:20 PM,2379,,,Blue Oak,,3,,<5%,0,76-100% of branch survace area,Lichen biomass is similar to le,Leaves,,53.3,,,,-120.048022818664,34.6907522953157
9,eb5d2672-8e44-437e-8993-6a2bfde446bc,3/9/2024 12:09:01 AM,mburnett@umail.ucsb.edu_ucsb,3/9/2024 12:09:01 AM,mburnett@umail.ucsb.edu_ucsb,3/8/2024 8:00:00 PM,2380,,,Live Oak,,,3,<5%,0,10-25% of branch surface area,Lichen contributes somewhat to,Leaves,,91.1,,,,-120.048085979176,34.6909202929989
10,b4f68f94-5cac-497d-909b-a785b36dfd45,3/9/2024 12:09:03 AM,mburnett@umail.ucsb.edu_ucsb,3/9/2024 12:09:03 AM,mburnett@umail.ucsb.edu_ucsb,3/8/2024 8:18:13 PM,2010,,,Blue Oak,,1,,,1,51-75% of branch surface a,Lichen biomass is similar to le,,,70.2,,,,-120.048101741365,34.6900135680931
11,9a35e2fd-ed42-415b-ac17-fd236d1b79ac,3/9/2024 12:09:05 AM,mburnett@umail.ucsb.edu_ucsb,3/9/2024 12:09:05 AM,mburnett@umail.ucsb.edu_ucsb,3/8/2024 8:00:00 PM,2382,,,Blue Oak,,1,,,0,76-100% of branch survace area,Lichen biomass is similar to le,,,61.2,,,,-120.048017467589,34.6899087043801
12,26a6c572-d49a-47a3-9945-d02672ee0d36,3/9/2024 12:09:08 AM,mburnett@umail.ucsb.edu_ucsb,3/9/2024 12:09:08 AM,mburnett@umail.ucsb.edu_ucsb,3/8/2024 8:00:00 PM,2383,,,Blue Oak,,2,,,2,76-100% of branch survace area,Lichen biomass is similar to le,Leaves,,46.3,,,,-120.047638273291,34.6894019750404
13,8a969a5e-8cc6-4c97-a967-c7866502479a,3/9/2024 12:09:10 AM,mburnett@umail.ucsb.edu_ucsb,3/9/2024 12:09:10 AM,mburnett@umail.ucsb.edu_ucsb,3/8/2024 9:39:39 PM,1478,,,Blue Oak,,1,,,5,76-100% of branch survace area,Lichen biomass is similar to le,,,64.3,,,,-120.050139209999,34.6962868657238
14,91042414-07e5-496b-afd7-9a7d1c973e7b,3/9/2024 12:09:54 AM,mburnett@umail.ucsb.edu_ucsb,3/9/2024 12:09:54 AM,mburnett@umail.ucsb.edu_ucsb,,2016,,,Blue Oak,,1,,,0,26-50% of branch surface area,Lichen contributes somewhat to,,Missing tag,96.7,,,,-120.050400317375,34.6965766002237
15,86970394-e156-49ed-8444-147608f366a8,3/9/2024 12:10:01 AM,mburnett@umail.ucsb.edu_ucsb,3/9/2024 12:10:01 AM,mburnett@umail.ucsb.edu_ucsb,3/8/2024 9:50:11 PM,2012,,,Blue Oak,,1,,,0,76-100% of branch survace area,Lichen biomass is similar to le,,,52.6,,,,-120.050501607536,34.6969761501912
16,d89f4606-0552-409b-acfa-e390cfdf00d1,3/9/2024 12:10:04 AM,mburnett@umail.ucsb.edu_ucsb,3/9/2024 12:10:04 AM,mburnett@umail.ucsb.edu_ucsb,3/8/2024 10:03:02 PM,2015,,,Blue Oak,,1,,,0,76-100% of branch survace area,Lichen biomass is similar to le,,,65.2,,,,-120.050907746243,34.697633152927
17,91ce3fbb-54bc-46fb-9405-9867d00e81b8,3/9/2024 12:10:06 AM,mburnett@umail.ucsb.edu_ucsb,3/9/2024 12:10:06 AM,mburnett@umail.ucsb.edu_ucsb,3/8/2024 8:00:00 PM,2004,,,Blue Oak,,1,,,0,51-75% of branch surface a,Lichen biomass is similar to le,,,29.1,,,,-120.049977254533,34.6974891213351
18,89894eb5-bd8f-44c5-a0e4-932f945448ce,3/9/2024 12:10:09 AM,mburnett@umail.ucsb.edu_ucsb,3/9/2024 12:10:09 AM,mburnett@umail.ucsb.edu_ucsb,3/8/2024 8:00:00 PM,2005,,,Blue Oak,,2,,<5%,0,76-100% of branch survace area,Lichen biomass is similar to le,Leaves,"Trunk 1=37.7cm, trunk 2=46.2cm",37.7,,,,-120.050217827328,34.6975697857555
19,0aefcb82-a1cc-4700-844a-534722f7415c,3/9/2024 12:10:11 AM,mburnett@umail.ucsb.edu_ucsb,3/9/2024 12:10:11 AM,mburnett@umail.ucsb.edu_ucsb,3/8/2024 10:26:15 PM,2006,,,Blue Oak,,1,,,,76-100% of branch survace area,Lichen biomass is similar to le,,"Trunk 1=24.7cm, trunk 2=69.5cm",24.7,,,,-120.050420990088,34.6981685641541
20,787d4ad1-a15c-4f07-9fcf-62e0e99d7837,3/9/2024 12:10:12 AM,mburnett@umail.ucsb.edu_ucsb,3/9/2024 12:10:12 AM,mburnett@umail.ucsb.edu_ucsb,3/8/2024 10:28:34 PM,2007,,,Blue Oak,,1,,,0,76-100% of branch survace area,Lichen biomass is similar to le,,,79.7,,,,-120.050486481522,34.6981606980428
21,a9aef110-f35f-4a14-9bce-6903908381e3,3/9/2024 12:10:15 AM,mburnett@umail.ucsb.edu_ucsb,3/9/2024 12:10:15 AM,mburnett@umail.ucsb.edu_ucsb,3/8/2024 10:31:10 PM,2008,,,Blue Oak,,1,,,0,76-100% of branch survace area,Lichen biomass is similar to le,,"Trunk 1=36.1cm, trunk 2=22.4cm, base altogether=52.1cm",52.1,,,,-120.050662160841,34.6983701648093
22,39644189-9839-4bf5-954a-194e0ef2591e,3/9/2024 7:48:05 PM,rcruggeri@umail.ucsb.edu_ucsb,3/9/2024 7:48:05 PM,rcruggeri@umail.ucsb.edu_ucsb,,2380,,,Blue Oak,,,,,,76-100% of branch survace area,,,,,,,,-120.046037221184,34.6917238588233
23,6b13b684-a059-4aad-8157-d471178fcd85,3/9/2024 7:48:23 PM,rcruggeri@umail.ucsb.edu_ucsb,3/9/2024 7:48:23 PM,rcruggeri@umail.ucsb.edu_ucsb,3/8/2024 8:00:00 PM,2372,,,Blue Oak,,1,,,,76-100% of branch survace area,Lichen biomass is similar to le,,,51.1,,,,-120.046110756109,34.6914308382693
24,891abe15-b2ea-4567-9ae4-862c0824de1c,3/9/2024 7:48:24 PM,rcruggeri@umail.ucsb.edu_ucsb,3/9/2024 7:48:24 PM,rcruggeri@umail.ucsb.edu_ucsb,3/8/2024 8:00:00 PM,2345,,,Live Oak,,,1,,,51-75% of branch surface a,Lichen contributes somewhat to,,"second DBH is 58, tree has two large trunks that split basally",58.8,,,,-120.046607467832,34.6916268213577
25,8365bfff-b981-4826-b88f-18b81084ff8f,3/9/2024 7:48:25 PM,rcruggeri@umail.ucsb.edu_ucsb,3/9/2024 7:48:25 PM,rcruggeri@umail.ucsb.edu_ucsb,3/8/2024 8:00:00 PM,2343,,,Blue Oak,,1,,,,76-100% of branch survace area,Lichen biomass is similar to le,,,63.2,,,,-120.046814333888,34.691512276401
26,b9bd1d2b-549e-4078-aa88-79316ad213e8,3/9/2024 7:48:25 PM,rcruggeri@umail.ucsb.edu_ucsb,3/9/2024 7:48:25 PM,rcruggeri@umail.ucsb.edu_ucsb,3/8/2024 8:00:00 PM,2346,,,Blue Oak,,1,,,,76-100% of branch survace area,Lichen biomass is similar to le,,,24.4,,,,-120.046864671518,34.6916329873759
27,d253350a-44d5-4f49-9a47-3f3ace1d6b31,3/9/2024 7:48:26 PM,rcruggeri@umail.ucsb.edu_ucsb,3/9/2024 7:48:26 PM,rcruggeri@umail.ucsb.edu_ucsb,3/8/2024 8:00:00 PM,2347,,,Blue Oak,,1,,,,76-100% of branch survace area,Lichen biomass is similar to le,,,33.3,,,,-120.046853273153,34.6916556512223
28,eedf5dc5-66cb-4df8-8cf0-f94fb668f08f,3/9/2024 7:48:27 PM,rcruggeri@umail.ucsb.edu_ucsb,3/9/2024 7:48:27 PM,rcruggeri@umail.ucsb.edu_ucsb,3/8/2024 8:00:00 PM,2375,,,Blue Oak,,1,,,,76-100% of branch survace area,Lichen biomass is similar to le,,,47.8,,,,-120.046720163351,34.6918330664736
29,ea1503e7-225d-4307-afa1-7721334d4131,3/9/2024 7:48:28 PM,rcruggeri@umail.ucsb.edu_ucsb,3/9/2024 7:48:28 PM,rcruggeri@umail.ucsb.edu_ucsb,3/8/2024 8:00:00 PM,2009,,,Blue Oak,,1,,,,51-75% of branch surface a,Lichen contributes somewhat to,,,48.8,,,,-120.046945288859,34.6918109599313
30,5c3ffff4-3af4-4421-8b61-3596fca31a31,3/9/2024 7:48:28 PM,rcruggeri@umail.ucsb.edu_ucsb,3/9/2024 7:48:28 PM,rcruggeri@umail.ucsb.edu_ucsb,3/8/2024 8:00:00 PM,2360,,,Blue Oak,,1,,,,51-75% of branch surface a,Lichen biomass is similar to le,,,22.3,,,,-120.047390034329,34.69047632741
31,4777f32d-1506-4374-8b10-10e7b7b12bbe,3/9/2024 7:48:29 PM,rcruggeri@umail.ucsb.edu_ucsb,3/9/2024 7:48:29 PM,rcruggeri@umail.ucsb.edu_ucsb,,2365,,,Blue Oak,,1,,,,76-100% of branch survace area,Lichen biomass is similar to le,,,41.8,,,,-120.047340736175,34.6904473316365
32,adf41985-3479-41a4-a033-c53f0230f832,3/9/2024 7:48:30 PM,rcruggeri@umail.ucsb.edu_ucsb,3/9/2024 7:48:30 PM,rcruggeri@umail.ucsb.edu_ucsb,3/8/2024 8:00:00 PM,2367,,,Blue Oak,,1,,,,76-100% of branch survace area,Lichen biomass is similar to le,,,28.9,,,,-120.047326279125,34.690440212184
33,682c9733-226b-4f17-b054-1e6032fb090b,3/9/2024 7:48:31 PM,rcruggeri@umail.ucsb.edu_ucsb,3/9/2024 7:48:31 PM,rcruggeri@umail.ucsb.edu_ucsb,3/8/2024 8:00:00 PM,2369,,,Blue Oak,,1,,,,76-100% of branch survace area,Lichen biomass is similar to le,,,39.7,,,,-120.047237062098,34.6904922292336
34,0dd6afc0-313c-4355-be49-746d08733a1f,3/9/2024 7:48:32 PM,rcruggeri@umail.ucsb.edu_ucsb,3/9/2024 7:48:32 PM,rcruggeri@umail.ucsb.edu_ucsb,3/8/2024 8:00:00 PM,2376,,,Live Oak,,,1,,,26-50% of branch surface area,Lichen contributes somewhat to,,,64.7,,,,-120.046998771558,34.6905112755528
35,0c83d522-8b46-4c10-8a6b-b3bf771c73c5,3/9/2024 7:48:32 PM,rcruggeri@umail.ucsb.edu_ucsb,3/9/2024 7:48:32 PM,rcruggeri@umail.ucsb.edu_ucsb,3/8/2024 8:00:00 PM,2381,,,Blue Oak,,1,,,,76-100% of branch survace area,Lichen biomass is similar to le,,"multiple BDHs bc split into three, we did the three trunks and then the total at the bottom (the DBH above is the total big DBH). Trunk 1 is 31.9 cm. Trunk 2 is 32.8 cm. Trunk 3 is 36.9. ",67.3,,,,-120.047799626107,34.6898662608202
36,b7fc2b39-53e7-4777-94c4-2dee24ba5f49,3/9/2024 7:48:33 PM,rcruggeri@umail.ucsb.edu_ucsb,3/9/2024 7:48:33 PM,rcruggeri@umail.ucsb.edu_ucsb,3/8/2024 8:00:00 PM,2384,,,Blue Oak,,1,,,,76-100% of branch survace area,Lichen biomass is similar to le,,,55.1,,,,-120.047726922915,34.6898877935956
37,48dc7a7d-025a-4133-89e8-c69ba8ae4ac3,3/9/2024 7:48:33 PM,rcruggeri@umail.ucsb.edu_ucsb,3/9/2024 7:48:33 PM,rcruggeri@umail.ucsb.edu_ucsb,3/8/2024 8:00:00 PM,2011,,,Blue Oak,,1,,,,76-100% of branch survace area,Lichen biomass is similar to le,,,63.7,,,,-120.047530812669,34.6898601628143
38,8030513e-cc44-4ada-acda-ded65308b893,3/13/2024 9:16:27 PM,rpfass19@gmail.com_ucsb,3/13/2024 9:16:27 PM,rpfass19@gmail.com_ucsb,3/8/2024 8:00:00 PM,2023,,,Live Oak,,,4,<5%,,10-25% of branch surface area,Lichen contributes somewhat to,Breaking leaf buds,Breaking flower buds,77,,,,-120.05097245203,34.687124348935
39,fc98fed6-e143-4ef4-94d1-8dd40930c269,3/13/2024 9:16:28 PM,rpfass19@gmail.com_ucsb,3/13/2024 9:16:28 PM,rpfass19@gmail.com_ucsb,3/8/2024 8:00:00 PM,2024,,,Blue Oak,,1,,,0,76-100% of branch survace area,Lichen biomass is similar to le,,,61.4,,,,-120.050902464163,34.6871994760456
40,91c84856-82dd-4f05-8220-27ec770fcbc5,3/13/2024 9:16:45 PM,rpfass19@gmail.com_ucsb,3/13/2024 9:16:45 PM,rpfass19@gmail.com_ucsb,3/8/2024 10:02:41 PM,2022,,,Live Oak,,,4,,0,10-25% of branch surface area,Lichen is wispy or mostly small,,See photo for General Phenology,66.6,,,,-120.050925246485,34.6869936282515
41,63e4f827-1deb-4988-81e1-9cb0c1195426,3/13/2024 9:16:46 PM,rpfass19@gmail.com_ucsb,3/13/2024 9:16:46 PM,rpfass19@gmail.com_ucsb,3/8/2024 10:10:21 PM,2021,,,Blue Oak,,1,,,0,76-100% of branch survace area,Lichen biomass is similar to le,,DBH done on bigger trunk with tag (find nail),58.2,,,,-120.050886655473,34.68664741957
42,ddab588f-8c0c-468a-8977-a26218b758d2,3/13/2024 9:16:47 PM,rpfass19@gmail.com_ucsb,3/13/2024 9:16:47 PM,rpfass19@gmail.com_ucsb,3/8/2024 10:18:28 PM,2025,,,Blue Oak,,2,,,0,76-100% of branch survace area,Lichen biomass is similar to le,Breaking leaf buds,,50,,,,-120.050920204742,34.6863867671891
43,ad2a384d-6067-4474-99df-5ceda8115eff,3/13/2024 9:16:48 PM,rpfass19@gmail.com_ucsb,3/13/2024 9:16:48 PM,rpfass19@gmail.com_ucsb,3/8/2024 10:23:08 PM,2020,,,Blue Oak,,2,,,0,76-100% of branch survace area,Lichen biomass is similar to le,Breaking leaf buds,,68.6,,,,-120.050857343932,34.6862482100476
44,ca86ed05-7328-4801-8fe0-d59fd99b260c,3/13/2024 9:16:49 PM,rpfass19@gmail.com_ucsb,3/13/2024 9:16:49 PM,rpfass19@gmail.com_ucsb,3/8/2024 10:26:13 PM,2026,,,Blue Oak,,1,,,0,76-100% of branch survace area,Lichen biomass is similar to le,Breaking leaf buds,,83.5,,,,-120.051055249832,34.6855478318225
45,adf92a3d-8cd6-4f71-a768-ea0b858b4d02,3/13/2024 9:16:50 PM,rpfass19@gmail.com_ucsb,3/13/2024 9:16:50 PM,rpfass19@gmail.com_ucsb,3/8/2024 10:31:43 PM,2027,,,Blue Oak,,1,,,,76-100% of branch survace area,Lichen biomass is similar to le,,,73.5,,,,-120.050906129871,34.685486335133
46,d95dd76b-bf0d-4700-b977-c4a54eb091b8,3/13/2024 9:16:51 PM,rpfass19@gmail.com_ucsb,3/13/2024 9:16:51 PM,rpfass19@gmail.com_ucsb,3/8/2024 10:36:34 PM,2028,,,Blue Oak,,1,,,0,76-100% of branch survace area,Lichen biomass is similar to le,,,66.1,,,,-120.051469014624,34.6854189794377
47,dc9ea956-5fb4-4cc0-9fd4-abbfbe7a3eab,3/13/2024 9:17:11 PM,rpfass19@gmail.com_ucsb,3/13/2024 9:17:11 PM,rpfass19@gmail.com_ucsb,3/8/2024 10:39:08 PM,2029,,,Live Oak,,,2,<5%,0,< 10% of branch surface area ha,Lichen is wispy or mostly small,Flowers or flower buds,"DBH from actual DBH height (nail no tag) 47cm.  

",111.6,,,,-120.051379983588,34.6853239951649
48,ad35a11a-d3bb-45b7-9856-aab55b1397bd,3/13/2024 9:17:12 PM,rpfass19@gmail.com_ucsb,3/13/2024 9:17:12 PM,rpfass19@gmail.com_ucsb,,2030,,,Live Oak,,,2,,0,26-50% of branch surface area,Lichen is wispy or mostly small,Flowers or flower buds,DBH taken on trunk with tag,49.5,,,,-120.051662750528,34.6851421935169
49,996d3272-1196-469c-9b6b-0e5f21dedc5c,3/13/2024 9:18:30 PM,rpfass19@gmail.com_ucsb,3/13/2024 9:18:30 PM,rpfass19@gmail.com_ucsb,3/8/2024 10:52:47 PM,2031,,,Blue Oak,,1,,,0,76-100% of branch survace area,Lichen biomass is similar to le,,Living the dream- stoked out! ,104.65,,,,-120.052278471124,34.684757207389
50,2886b21b-58b6-4fad-84f5-73e9cac8630b,4/12/2024 7:45:39 PM,yoselyn_ramirez@umail.ucsb.edu_ucsb,4/12/2024 7:45:39 PM,yoselyn_ramirez@umail.ucsb.edu_ucsb,3/8/2024 8:00:00 PM,2370,,,Blue Oak,,1,,,8,76-100% of branch survace area,Lichen biomass is similar to le,,,46.8,,,,-120.039546493515,34.693065759218
51,d8f85196-311c-44d5-bcfa-3d588d94fd94,4/12/2024 7:45:56 PM,yoselyn_ramirez@umail.ucsb.edu_ucsb,4/12/2024 7:45:56 PM,yoselyn_ramirez@umail.ucsb.edu_ucsb,4/12/2024 7:00:00 PM,other,2052,PL,Blue Oak,,6,,0%,5,< 10% of branch surface area ha,,,,,"Breaking_leaf_buds,Leaves,Open_flowers,Increasing_leaf_size,Flowers_or_flower_buds",,,-120.032983701466,34.7423608108937
52,efeb3103-e374-43ce-8240-b411adf891d3,4/12/2024 8:48:40 PM,,4/12/2024 8:48:40 PM,,4/12/2024 7:00:00 PM,2004,,,Blue Oak,,8,,0%,0,21-30%,Lichen volume is about 25% of l,,Finished flowering,,"Increasing_leaf_size,Leaves",,,-120.050039163418,34.6975160186105
53,63aa73d9-29c9-4ce7-a1bc-286c706676bb,4/12/2024 8:48:49 PM,,4/12/2024 8:48:49 PM,,4/12/2024 7:25:43 PM,2005,,,Blue Oak,,7,,0%,0,21-30%,Lichen volume is about 25% of l,,Flowering profusely,,"Leaves,Increasing_leaf_size",,,-120.050167994415,34.6975417479079
54,5986deb1-27f7-41a5-b86c-c41c18a7b64c,4/12/2024 8:48:52 PM,,4/12/2024 8:48:52 PM,,4/12/2024 7:00:00 PM,2006,,,Blue Oak,,8,,0%,0,41-50%,Lichen volume is similar to lea,,3/4 done flowering,,"Leaves,Increasing_leaf_size",,,-120.050440452063,34.6980421054591
55,979128a9-ea31-4f72-8449-622b25feaa00,4/12/2024 8:48:55 PM,,4/12/2024 8:48:55 PM,,4/12/2024 7:00:00 PM,2007,,,Blue Oak,,6,,0%,0,11%-20%,Lichen volume is about 25% of l,,Done flowering,,"Leaves,Increasing_leaf_size",,,-120.050513208907,34.6981999158107
56,d5814097-b7de-4ea0-8dde-53df47356147,4/12/2024 8:48:59 PM,,4/12/2024 8:48:59 PM,,4/12/2024 7:31:34 PM,2008,,,Blue Oak,,4,,0%,0,51-60%,Lichen volume is similar to lea,,done flowering,,"Leaves,Increasing_leaf_size",,,-120.050625555263,34.6983310430842
57,cd99e117-6187-44e2-8236-560146268358,4/12/2024 8:49:02 PM,,4/12/2024 8:49:02 PM,,4/12/2024 7:39:10 PM,2015,,,Blue Oak,,7,,0%,0,21-30%,Lichen volume is about 25% of l,,"Flowering profusely, 50% done flowering",,"Leaves,Increasing_leaf_size",,,-120.05094389774,34.6976273076966
58,b50a9aed-454a-4cae-8908-e366066e91cd,4/12/2024 8:49:04 PM,,4/12/2024 8:49:04 PM,,4/12/2024 7:40:47 PM,2013,,,Blue Oak,,9,,0%,0,11%-20%,Lichen is wispy or mostly small,,Flowering profusely,,"Leaves,Increasing_leaf_size",,,-120.050985796032,34.6975959229922
59,4157c962-206a-45b3-a18d-8c0989709319,4/12/2024 8:49:07 PM,,4/12/2024 8:49:07 PM,,4/12/2024 7:45:11 PM,2012,,,Blue Oak,,3,,0%,0,31-40%,Lichen volume is similar to lea,,"Just starting to flower, too early to get good alas",,"Leaves,Increasing_leaf_size",,,-120.05063424912,34.6970653354822
60,bbbd0789-687a-427d-8240-6c84bfedf58c,4/12/2024 8:49:09 PM,,4/12/2024 8:49:09 PM,,4/12/2024 7:50:24 PM,2016,,,Blue Oak,,4,,0%,0,11%-20%,Lichen volume is about 25% of l,,3/4 done flowering,,"Leaves,Increasing_leaf_size",,,-120.050484221985,34.6966489766888
61,aa573e46-d9e9-4f63-bce1-61ce5ab67294,4/12/2024 8:49:12 PM,,4/12/2024 8:49:12 PM,,4/12/2024 7:55:49 PM,1478,,,Blue Oak,,2,,0%,0,41-50%,Lichen volume is similar to lea,,Few well developed branches taken for alas but mostly very early. Flowering profusely. ,,"Leaves,Increasing_leaf_size",,,-120.050157819832,34.6963056068815
62,3616176d-700d-4f33-af79-bdbede314a1b,4/12/2024 8:49:30 PM,,4/12/2024 8:49:30 PM,,4/12/2024 8:27:11 PM,2379,,,Blue Oak,,8,,0%,0,51-60%,Lichen volume is similar to lea,,Done flowering,,Leaves,,,-120.047925165005,34.6907566068894
63,1cddc58e-1f89-4384-86b5-e9a3b06bece4,4/12/2024 9:41:41 PM,,4/12/2024 9:41:41 PM,,3/8/2024 6:48:56 PM,2370,,,Blue Oak,,1,,,10,76-100% of branch survace area,Lichen biomass is similar to le,,,,,,,-120.046075267005,34.6917722139026
64,a41c487a-9fc6-4dce-94ec-4d53947c2f24,4/12/2024 9:41:45 PM,,4/12/2024 9:41:45 PM,,4/12/2024 7:00:00 PM,2331,,,Live Oak,,,6,<5%,0,31-40%,Lichen is wispy or mostly small,,,,"Open_flowers,Increasing_leaf_size",,,-120.046207766844,34.6909378010929
65,80a68ed0-0384-441b-bcff-1fd45b812ea5,4/12/2024 9:41:50 PM,,4/12/2024 9:41:50 PM,,4/12/2024 7:00:00 PM,2301,,,Live Oak,,,6,<5%,,31-40%,Lichen volume is about 25% of l,,,,"Flowers_or_flower_buds,Increasing_leaf_size,Leaves",,,-120.046318308859,34.6909819283095
66,c40edbff-851c-426f-aca5-49f8b34ffbea,4/12/2024 9:41:55 PM,,4/12/2024 9:41:55 PM,,4/12/2024 7:00:00 PM,2372,,,Blue Oak,,4,,0%,0,61-70%,Lichen volume is similar to lea,,,,"Leaves,Increasing_leaf_size,Flowers_or_flower_buds",,,-120.046194687425,34.6913877061654
67,7649b4b4-f56b-4961-b482-bcd21735d1d9,4/12/2024 9:42:00 PM,,4/12/2024 9:42:00 PM,,4/12/2024 7:00:00 PM,2371,,,Blue Oak,,5,,0%,0,31-40%,Lichen volume is about 25% of l,,,,"Leaves,Colored_leaves,Flowers_or_flower_buds",,,-120.0461316285,34.6914513293404
68,d35dba3b-b423-4d98-82d6-381fb8f068e4,4/12/2024 9:42:04 PM,,4/12/2024 9:42:04 PM,,4/12/2024 7:00:00 PM,2370,,,Blue Oak,,4,,0%,8,61-70%,Majority of canopy volume is li,,,,"Leaves,Increasing_leaf_size,Flowers_or_flower_buds",,,-120.04610043243,34.6915757236353
69,abddb231-9700-4766-98be-bc630647cd1c,4/12/2024 9:42:08 PM,,4/12/2024 9:42:08 PM,,4/12/2024 7:00:00 PM,2345,,,Live Oak,,,7,5-10%,0,< 10% of branch surface area ha,Lichen is wispy or mostly small,,,,"Leaves,Increasing_leaf_size,Colored_leaves,Flowers_or_flower_buds",,,-120.04650313747,34.6917159128007
70,3ef1eb7b-8474-4bf1-86ab-400a1e57279b,4/12/2024 9:42:13 PM,,4/12/2024 9:42:13 PM,,4/12/2024 7:00:00 PM,2375,,,Blue Oak,,5,,0%,0,41-50%,Lichen volume is about 25% of l,,,,"Leaves,Increasing_leaf_size,Colored_leaves,Flowers_or_flower_buds",,,-120.046569070964,34.6917971332538
71,34d3916d-5d55-4326-acaa-ca1340d4e455,4/12/2024 9:42:18 PM,,4/12/2024 9:42:18 PM,,4/12/2024 7:00:00 PM,2009,,,Blue Oak,,3,,0%,0,11%-20%,Lichen is wispy or mostly small,,,,"Leaves,Increasing_leaf_size,Colored_leaves,Flowers_or_flower_buds",,,-120.046919889528,34.6918399401875
72,6d2ab1dd-89d2-4f66-b044-d52b821566a8,4/12/2024 9:42:23 PM,,4/12/2024 9:42:23 PM,,4/12/2024 7:00:00 PM,2347,,,Blue Oak,,5,,0%,,11%-20%,Lichen is wispy or mostly small,,,,"Leaves,Increasing_leaf_size,Colored_leaves,Flowers_or_flower_buds",,,-120.046847989237,34.6916880176856
73,76b0e07a-1b8f-41ea-a54e-dee42bea47af,4/12/2024 9:42:28 PM,,4/12/2024 9:42:28 PM,,4/12/2024 7:00:00 PM,2346,,,Blue Oak,,3,,0%,,51-60%,Lichen volume is similar to lea,,,,"Leaves,Increasing_leaf_size,Colored_leaves,Flowers_or_flower_buds",,,-120.046832592906,34.6916296466094
74,ec9f8b40-18b1-426d-abc5-0ca327c2dc95,4/12/2024 9:42:32 PM,,4/12/2024 9:42:32 PM,,4/12/2024 7:00:00 PM,2343,,,Blue Oak,,6,,0%,,11%-20%,Lichen is wispy or mostly small,,,,"Leaves,Increasing_leaf_size,Colored_leaves,Flowers_or_flower_buds",,,-120.04683911567,34.6915250991541
75,91ba0724-a7de-4408-8404-2dc0669d1818,4/12/2024 9:42:37 PM,,4/12/2024 9:42:37 PM,,4/12/2024 7:00:00 PM,2377,,,Live Oak,,,8,<5%,,< 10% of branch surface area ha,Lichen is wispy or mostly small,,,,"Leaves,Increasing_leaf_size,Colored_leaves,Flowers_or_flower_buds",,,-120.047776557477,34.6907555878734
76,6f413384-c5a4-461d-8c6b-345084038752,4/12/2024 9:42:41 PM,,4/12/2024 9:42:41 PM,,4/12/2024 7:00:00 PM,2380,,,Live Oak,,,7,0%,,< 10% of branch surface area ha,Lichen is wispy or mostly small,,,,"Leaves,Increasing_leaf_size,Colored_leaves,Flowers_or_flower_buds",,,-120.04786857209,34.6907515748761
77,0810269d-213b-4ad6-8055-201be5b02562,4/12/2024 10:50:17 PM,yoselyn_ramirez@umail.ucsb.edu_ucsb,4/12/2024 10:50:17 PM,yoselyn_ramirez@umail.ucsb.edu_ucsb,4/12/2024 7:00:00 PM,other,2051,PL,Blue Oak,,7,,0%,0,< 10% of branch surface area ha,,,,,"Breaking_leaf_buds,Leaves,Increasing_leaf_size,Flowers_or_flower_buds,Open_flowers",,,-120.033029371646,34.74240861023
78,1dafd315-0e52-44f1-883e-4411ac9257f3,4/12/2024 10:50:31 PM,yoselyn_ramirez@umail.ucsb.edu_ucsb,4/12/2024 10:50:31 PM,yoselyn_ramirez@umail.ucsb.edu_ucsb,4/12/2024 7:00:00 PM,other,2050,PL,Blue Oak,,5,,0%,9,< 10% of branch surface area ha,,,,,"Breaking_leaf_buds,Leaves,Increasing_leaf_size,Flowers_or_flower_buds,Open_flowers",,,-120.033054996393,34.7423836632851
79,341b8e14-93d0-4e1d-bd84-709794e0c97b,4/12/2024 10:50:43 PM,yoselyn_ramirez@umail.ucsb.edu_ucsb,4/12/2024 10:50:43 PM,yoselyn_ramirez@umail.ucsb.edu_ucsb,4/12/2024 7:00:00 PM,other,PL,2041,Blue Oak,,4,,0%,0,< 10% of branch surface area ha,,,,,"Breaking_leaf_buds,Leaves,Increasing_leaf_size,Flowers_or_flower_buds",,,-120.040676203568,34.7422216198191
80,9916b8b5-0181-4dc3-85d5-50861298ccfc,4/12/2024 10:51:04 PM,yoselyn_ramirez@umail.ucsb.edu_ucsb,4/12/2024 10:51:04 PM,yoselyn_ramirez@umail.ucsb.edu_ucsb,4/12/2024 7:00:00 PM,other,2040,PL,Blue Oak,,6,,0%,3,< 10% of branch surface area ha,,,,,"Breaking_leaf_buds,Leaves,Increasing_leaf_size,Flowers_or_flower_buds,Open_flowers",,,-120.040557076301,34.7421871480286
81,68c05b92-b4ae-4b64-812f-5b4ae2ae177b,4/12/2024 10:51:14 PM,yoselyn_ramirez@umail.ucsb.edu_ucsb,4/12/2024 10:51:14 PM,yoselyn_ramirez@umail.ucsb.edu_ucsb,4/12/2024 7:00:00 PM,other,2042,PL,Blue Oak,,8,,0%,0,< 10% of branch surface area ha,,,Flowers scenesence (dried),,"Breaking_leaf_buds,Leaves,Increasing_leaf_size,Flowers_or_flower_buds,Open_flowers",,,-120.040997002049,34.7429564419543
82,23987e21-67a6-4799-8372-b96543348dfd,4/12/2024 10:51:23 PM,yoselyn_ramirez@umail.ucsb.edu_ucsb,4/12/2024 10:51:23 PM,yoselyn_ramirez@umail.ucsb.edu_ucsb,4/12/2024 7:00:00 PM,other,2044,PL,Blue Oak,,5,,0%,0,< 10% of branch surface area ha,,,,,"Breaking_leaf_buds,Leaves,Increasing_leaf_size,Flowers_or_flower_buds,Open_flowers",,,-120.041022228466,34.7429918621713
83,1dc1e125-0790-497f-9a70-7f0eb76c6ec7,4/12/2024 10:51:45 PM,yoselyn_ramirez@umail.ucsb.edu_ucsb,4/12/2024 10:51:45 PM,yoselyn_ramirez@umail.ucsb.edu_ucsb,4/12/2024 7:00:00 PM,other,2043,PL,Blue Oak,,8,,0%,0,< 10% of branch surface area ha,,,,,"Breaking_leaf_buds,Leaves,Increasing_leaf_size,Flowers_or_flower_buds,Open_flowers",,,-120.041092423461,34.7429712745514
84,fcf27467-b9bd-4d38-9b28-91b7356093c4,4/12/2024 10:51:57 PM,yoselyn_ramirez@umail.ucsb.edu_ucsb,4/12/2024 10:51:57 PM,yoselyn_ramirez@umail.ucsb.edu_ucsb,4/12/2024 7:00:00 PM,other,2045,PL,Blue Oak,,5,,0%,0,< 10% of branch surface area ha,,,Black ants all over trunk and leaves,,"Breaking_leaf_buds,Leaves,Increasing_leaf_size,Flowers_or_flower_buds,Open_flowers",,,-120.041129935048,34.7432975093087
85,a5bcf4da-ca5f-4314-afc1-65fdcde0ae32,4/12/2024 10:52:36 PM,yoselyn_ramirez@umail.ucsb.edu_ucsb,4/12/2024 10:52:36 PM,yoselyn_ramirez@umail.ucsb.edu_ucsb,4/12/2024 7:00:00 PM,other,2046,PL,Blue Oak,,5,,0%,1,< 10% of branch surface area ha,,,,,"Breaking_leaf_buds,Leaves,Increasing_leaf_size,Flowers_or_flower_buds",,,-120.041125906871,34.7433002372542
86,f43cda57-c16f-4e91-b452-7a9020a4880e,4/12/2024 10:52:47 PM,yoselyn_ramirez@umail.ucsb.edu_ucsb,4/12/2024 10:52:47 PM,yoselyn_ramirez@umail.ucsb.edu_ucsb,4/12/2024 7:00:00 PM,other,2047,PL,Blue Oak,,6,,0%,1,< 10% of branch surface area ha,,,Picture angle does not represent tree canopy,,"Breaking_leaf_buds,Leaves,Increasing_leaf_size,Flowers_or_flower_buds,Open_flowers",,,-120.041096395386,34.7433501953072
87,e7f79318-ae83-4e2b-8263-e78d16858717,4/12/2024 10:52:56 PM,yoselyn_ramirez@umail.ucsb.edu_ucsb,4/12/2024 10:52:56 PM,yoselyn_ramirez@umail.ucsb.edu_ucsb,4/12/2024 7:00:00 PM,other,2048,PL,Blue Oak,,9,,0%,0,< 10% of branch surface area ha,,,,,"Breaking_leaf_buds,Leaves,Flowers_or_flower_buds,Open_flowers",,,-120.041220318901,34.7433058044945
88,2ae5bda9-c284-4dec-b78d-ec12fa01a8a0,4/12/2024 10:53:02 PM,yoselyn_ramirez@umail.ucsb.edu_ucsb,4/12/2024 10:53:02 PM,yoselyn_ramirez@umail.ucsb.edu_ucsb,4/12/2024 7:00:00 PM,other,2049,PL,Blue Oak,,4,,0%,0,< 10% of branch surface area ha,,,,,"Breaking_leaf_buds,Leaves,Increasing_leaf_size,Flowers_or_flower_buds",,,-120.041216014018,34.7432979377869
89,4fde434f-8469-4fac-b04a-b586f25cb3db,4/13/2024 1:41:40 AM,rcruggeri@umail.ucsb.edu_ucsb,4/13/2024 1:41:40 AM,rcruggeri@umail.ucsb.edu_ucsb,4/12/2024 7:00:00 PM,2028,,,Blue Oak,,7,,<5%,,26-50% of branch surface area,Lichen biomass is similar to le,Increasing leaf size,,,,,,-120.051478463564,34.6854500448535
90,d9a528e7-03c0-4214-98d2-bca8c5fd08b2,4/13/2024 1:41:45 AM,rcruggeri@umail.ucsb.edu_ucsb,4/13/2024 1:41:45 AM,rcruggeri@umail.ucsb.edu_ucsb,4/12/2024 7:00:00 PM,2030,,,Live Oak,,,5,20-30%,,10-25% of branch surface area,Lichen is wispy or mostly small,Increasing leaf size,One mistletoe bunch,,,,,-120.051712431954,34.6851839407573
91,69e8bd94-964e-46db-a785-3c539bd81f75,4/13/2024 1:41:46 AM,rcruggeri@umail.ucsb.edu_ucsb,4/13/2024 1:41:46 AM,rcruggeri@umail.ucsb.edu_ucsb,4/12/2024 7:00:00 PM,2031,,,Blue Oak,,5,,<5%,,10-25% of branch surface area,Lichen is wispy or mostly small,Increasing leaf size,,,,,,-120.052269481199,34.6847070576694
92,190b9f5d-cc95-40b2-95fc-00249fc1df9d,4/13/2024 1:41:47 AM,rcruggeri@umail.ucsb.edu_ucsb,4/13/2024 1:41:47 AM,rcruggeri@umail.ucsb.edu_ucsb,4/12/2024 7:00:00 PM,2029,,,Live Oak,,,6,10-20%,,< 10% of branch surface area ha,Lichen is wispy or mostly small,Increasing leaf size,,,,,,-120.051382897016,34.685327888676
93,670c1c4f-dc8e-409e-9721-29d0f101e39d,4/13/2024 1:41:47 AM,rcruggeri@umail.ucsb.edu_ucsb,4/13/2024 1:41:47 AM,rcruggeri@umail.ucsb.edu_ucsb,4/12/2024 7:00:00 PM,2020,,,Blue Oak,,4,,<5%,,26-50% of branch surface area,Lichen biomass is similar to le,Increasing leaf size,,,,,,-120.05090237163,34.6862478824055
94,14b93369-528f-4c14-9e66-efb52a097d89,4/13/2024 1:41:48 AM,rcruggeri@umail.ucsb.edu_ucsb,4/13/2024 1:41:48 AM,rcruggeri@umail.ucsb.edu_ucsb,,2025,,,Blue Oak,,8,,<5%,,51-75% of branch surface a,Lichen biomass is similar to le,Increasing leaf size,,,,,,-120.050914897131,34.6862574693518
95,f122a207-d3a3-4410-be80-64226d59b9fb,4/13/2024 1:41:49 AM,rcruggeri@umail.ucsb.edu_ucsb,4/13/2024 1:41:49 AM,rcruggeri@umail.ucsb.edu_ucsb,4/12/2024 7:00:00 PM,2026,,,Blue Oak,,7,,<5%,,51-75% of branch surface a,Lichen biomass is similar to le,Increasing leaf size,,,,,,-120.051046444621,34.6855250236951
96,dddf6ef9-7b52-4bc1-8c76-15f779056278,4/13/2024 1:41:49 AM,rcruggeri@umail.ucsb.edu_ucsb,4/13/2024 1:41:49 AM,rcruggeri@umail.ucsb.edu_ucsb,4/12/2024 7:00:00 PM,2027,,,Blue Oak,,7,,<5%,,76-100% of branch survace area,Lichen biomass is similar to le,Increasing leaf size,,,,,,-120.050908780545,34.6854455131289
97,88eba877-fcb4-4680-a068-2730569078ad,4/13/2024 1:41:50 AM,rcruggeri@umail.ucsb.edu_ucsb,4/13/2024 1:41:50 AM,rcruggeri@umail.ucsb.edu_ucsb,4/12/2024 7:00:00 PM,2021,,,Blue Oak,,6,,<5%,,26-50% of branch surface area,Lichen contributes somewhat to,Increasing leaf size,,,,,,-120.050853895004,34.6866733886097
98,90f2ed43-2187-4e1e-b101-d5bd4732d5ef,4/13/2024 1:41:50 AM,rcruggeri@umail.ucsb.edu_ucsb,4/13/2024 1:41:50 AM,rcruggeri@umail.ucsb.edu_ucsb,4/12/2024 7:00:00 PM,2022,,,Live Oak,,,8,5-10%,,10-25% of branch surface area,Lichen is wispy or mostly small,Increasing leaf size,,,,,,-120.050924197163,34.6869299923668
99,11303398-eed2-411f-be8b-764dbc39311e,4/13/2024 1:41:51 AM,rcruggeri@umail.ucsb.edu_ucsb,4/13/2024 1:41:51 AM,rcruggeri@umail.ucsb.edu_ucsb,4/12/2024 7:00:00 PM,2023,,,Live Oak,,,8,5-10%,,< 10% of branch surface area ha,Lichen is wispy or mostly small,Increasing leaf size,,,,,,-120.050979049519,34.6871087679329
100,6325461f-0db9-4626-865a-c57e7d0de28f,4/13/2024 1:41:52 AM,rcruggeri@umail.ucsb.edu_ucsb,4/13/2024 1:41:52 AM,rcruggeri@umail.ucsb.edu_ucsb,4/12/2024 7:00:00 PM,2024,,,Blue Oak,,5,,<5%,,26-50% of branch surface area,Lichen contributes somewhat to,Increasing leaf size,,,,,,-120.05090111808,34.6871862366243
101,879f76c7-518b-4d57-b6b9-06ccc102720f,4/13/2024 1:41:52 AM,rcruggeri@umail.ucsb.edu_ucsb,4/13/2024 1:41:52 AM,rcruggeri@umail.ucsb.edu_ucsb,4/12/2024 7:00:00 PM,2010,,,Blue Oak,,5,,<5%,,26-50% of branch surface area,Lichen contributes somewhat to,Increasing leaf size,,,,,,-120.048165239985,34.6899866808825
102,225fdc8d-68fc-4af0-8270-a551c5fc7f7d,4/13/2024 1:41:53 AM,rcruggeri@umail.ucsb.edu_ucsb,4/13/2024 1:41:53 AM,rcruggeri@umail.ucsb.edu_ucsb,4/12/2024 7:00:00 PM,2382,,,Blue Oak,,5,,<5%,,10-25% of branch surface area,Lichen contributes somewhat to,Increasing leaf size,,,,,,-120.048039979778,34.6898810201958
103,f8e058c1-5f06-4a98-bc90-566cdfbbc294,4/13/2024 1:41:53 AM,rcruggeri@umail.ucsb.edu_ucsb,4/13/2024 1:41:53 AM,rcruggeri@umail.ucsb.edu_ucsb,4/12/2024 7:00:00 PM,2381,,,Blue Oak,,4,,<5%,,76-100% of branch survace area,Lichen biomass is similar to le,Increasing leaf size,,,,,,-120.047889441609,34.689787217524
104,dec65163-f07e-49a4-b2fd-71b4aa629912,4/13/2024 1:41:54 AM,rcruggeri@umail.ucsb.edu_ucsb,4/13/2024 1:41:54 AM,rcruggeri@umail.ucsb.edu_ucsb,4/12/2024 7:00:00 PM,2384,,,Blue Oak,,6,,<5%,,51-75% of branch surface a,Lichen biomass is similar to le,Increasing leaf size,,,,,,-120.047755752186,34.6898607189446
105,66fd20fe-fd39-4882-8b28-ce335cdfc94e,4/13/2024 1:41:54 AM,rcruggeri@umail.ucsb.edu_ucsb,4/13/2024 1:41:54 AM,rcruggeri@umail.ucsb.edu_ucsb,4/12/2024 7:00:00 PM,2383,,,Blue Oak,,7,,<5%,,76-100% of branch survace area,Lichen biomass is similar to le,Increasing leaf size,,,,,,-120.047628953011,34.6894416474584
106,0ecace9c-e4f3-48f5-88f5-617c6a5d22a6,4/13/2024 1:41:55 AM,rcruggeri@umail.ucsb.edu_ucsb,4/13/2024 1:41:55 AM,rcruggeri@umail.ucsb.edu_ucsb,4/12/2024 7:00:00 PM,2011,,,Blue Oak,,8,,<5%,,10-25% of branch surface area,Lichen is wispy or mostly small,Increasing leaf size,,,,,,-120.047589310266,34.6898826042618
107,82267a98-67b8-4556-ba5f-714b81741807,4/13/2024 1:41:55 AM,rcruggeri@umail.ucsb.edu_ucsb,4/13/2024 1:41:55 AM,rcruggeri@umail.ucsb.edu_ucsb,4/12/2024 7:00:00 PM,2369,,,Blue Oak,,3,,5-10%,,51-75% of branch surface a,Lichen biomass is similar to le,Increasing leaf size,,,,,,-120.047286477485,34.690468928328
108,5bb1317a-805d-4200-b3bd-b3816f0c07e2,4/13/2024 1:41:56 AM,rcruggeri@umail.ucsb.edu_ucsb,4/13/2024 1:41:56 AM,rcruggeri@umail.ucsb.edu_ucsb,4/12/2024 7:00:00 PM,2376,,,Live Oak,,,5,<5%,,< 10% of branch surface area ha,Lichen is wispy or mostly small,Open flowers,,,,,,-120.047002429812,34.6905227640257
109,3fbd0f2c-5c32-446a-8199-8bd42b5c9082,4/13/2024 1:41:56 AM,rcruggeri@umail.ucsb.edu_ucsb,4/13/2024 1:41:56 AM,rcruggeri@umail.ucsb.edu_ucsb,4/12/2024 7:00:00 PM,2367,,,Blue Oak,,5,,<5%,,51-75% of branch surface a,Lichen contributes somewhat to,Increasing leaf size,,,,,,-120.04734726163,34.6904229452192
110,171e8b5a-5599-4e33-a0f4-0c8ce700e1bd,4/13/2024 1:41:57 AM,rcruggeri@umail.ucsb.edu_ucsb,4/13/2024 1:41:57 AM,rcruggeri@umail.ucsb.edu_ucsb,4/12/2024 7:00:00 PM,2365,,,Blue Oak,,4,,<5%,,51-75% of branch surface a,Lichen biomass is similar to le,Increasing leaf size,,,,,,-120.047349382433,34.6904179611255
111,29416f88-86ee-4d79-943c-3d4bb628101b,4/13/2024 1:41:57 AM,rcruggeri@umail.ucsb.edu_ucsb,4/13/2024 1:41:57 AM,rcruggeri@umail.ucsb.edu_ucsb,4/12/2024 7:00:00 PM,2360,,,Blue Oak,,5,,<5%,,26-50% of branch surface area,Lichen contributes somewhat to,Increasing leaf size,,,,,,-120.047425935105,34.690451940102
112,a1efb2c4-915e-4c06-a451-63934b5057f3,4/13/2024 1:41:58 AM,rcruggeri@umail.ucsb.edu_ucsb,4/13/2024 1:41:58 AM,rcruggeri@umail.ucsb.edu_ucsb,4/12/2024 7:00:00 PM,2354,,,Live Oak,,,7,<5%,,10-25% of branch surface area,Lichen contributes somewhat to,Flowers or flower buds,,,,,,-120.047653063337,34.6906002683628
113,c0faaedc-1b00-4553-b8f4-e9f3a999586f,4/13/2024 1:41:58 AM,rcruggeri@umail.ucsb.edu_ucsb,4/13/2024 1:41:58 AM,rcruggeri@umail.ucsb.edu_ucsb,4/12/2024 7:00:00 PM,2352,,,Live Oak,,,6,10-20%,,< 10% of branch surface area ha,Lichen is wispy or mostly small,Flowers or flower buds,,,,,,-120.047608646457,34.6906430993493
114,4e7978cd-32e4-442c-b660-492d3e7c9cee,4/13/2024 1:41:59 AM,rcruggeri@umail.ucsb.edu_ucsb,4/13/2024 1:41:59 AM,rcruggeri@umail.ucsb.edu_ucsb,4/12/2024 7:00:00 PM,2378,,,Blue Oak,,5,,<5%,,< 10% of branch surface area ha,Lichen is wispy or mostly small,Flowers or flower buds,all trees rayna has done today were flowering,,,,,-120.047924112929,34.6907318351318
115,f6ff8562-5438-4e8c-9f85-9a99489f63f3,7/10/2024 4:25:27 PM,rcruggeri@ucsb.edu_ucsb,7/10/2024 4:25:27 PM,rcruggeri@ucsb.edu_ucsb,6/5/2024 7:00:00 PM,2091,,,Live Oak,,,10,5-10%,,< 10% of branch surface area ha,,,chose “increasing leaf size” bc there’s no option for fully flushed leaves that haven’t turned color yet,,Increasing_leaf_size,,,-120.040000147052,34.7177777560618
116,536c3b4f-6d88-4e07-a075-b8e21c488c7f,7/10/2024 4:25:29 PM,rcruggeri@ucsb.edu_ucsb,7/10/2024 4:25:29 PM,rcruggeri@ucsb.edu_ucsb,6/5/2024 7:00:00 PM,2092,,,Live Oak,,,10,10-20%,,< 10% of branch surface area ha,,,leaves fully flushed but not changed color yet,,Choice_9,,,-120.04030367635,34.7181081394344
117,d0227209-a66a-4da9-afb8-259977476817,7/10/2024 4:25:30 PM,rcruggeri@ucsb.edu_ucsb,7/10/2024 4:25:30 PM,rcruggeri@ucsb.edu_ucsb,6/5/2024 7:00:00 PM,2086,,,Blue Oak,,9,,<5%,,41-50%,Lichen volume is about 25% of l,,leaves fully flushed but not changed color yet,,Choice_9,,,-120.040600306433,34.7184176534899
118,e796530b-f04e-4016-8b16-bec2b1de957c,7/10/2024 4:25:31 PM,rcruggeri@ucsb.edu_ucsb,7/10/2024 4:25:31 PM,rcruggeri@ucsb.edu_ucsb,6/5/2024 7:00:00 PM,2089,,,Live Oak,,,10,10-20%,,< 10% of branch surface area ha,,,leaves fully flushed but not changed color yet,,Choice_9,,,-120.040707311326,34.7186251743554
119,90e73371-d35a-41ed-94af-eba46178352f,7/10/2024 4:25:33 PM,rcruggeri@ucsb.edu_ucsb,7/10/2024 4:25:33 PM,rcruggeri@ucsb.edu_ucsb,6/5/2024 7:00:00 PM,2090,,,Blue Oak,,10,,5-10%,,31-40%,Lichen is wispy or mostly small,,leaves fully flushed but not changed color yet. biggest blue oak i’ve ever seen!,,Choice_9,,,-120.04034267429,34.7184288785589
120,14005f90-eb7c-4b41-9e6e-0155e13c0c52,7/10/2024 4:25:34 PM,rcruggeri@ucsb.edu_ucsb,7/10/2024 4:25:34 PM,rcruggeri@ucsb.edu_ucsb,6/5/2024 7:00:00 PM,2085,,,Blue Oak,,10,,20-30%,,21-30%,Lichen is wispy or mostly small,,leaves fully flushed but not changed color yet,,Choice_9,,,-120.041508659726,34.7183380051583
121,4f44ded3-86f3-4058-b1a5-1eef0b3a0841,7/10/2024 4:25:37 PM,rcruggeri@ucsb.edu_ucsb,7/10/2024 4:25:37 PM,rcruggeri@ucsb.edu_ucsb,6/5/2024 7:00:00 PM,2088,,,Blue Oak,,10,,<5%,,51-60%,Lichen volume is about 25% of l,,leaves fully flushed but not changed color yet,,Choice_9,,,-120.041018353911,34.7179563875722
122,230a93b1-e8e9-4c0b-8a02-d6b068c4375b,7/10/2024 4:25:38 PM,rcruggeri@ucsb.edu_ucsb,7/10/2024 4:25:38 PM,rcruggeri@ucsb.edu_ucsb,6/5/2024 7:00:00 PM,2093,,,Live Oak,,,9,<5%,,21-30%,Lichen volume is about 25% of l,,leaves fully flushed but not changed color yet,,Choice_9,,,-120.041015100684,34.7179607874137
123,aff63d78-254c-45cb-91f8-a82ab70066d2,7/10/2024 4:25:40 PM,rcruggeri@ucsb.edu_ucsb,7/10/2024 4:25:40 PM,rcruggeri@ucsb.edu_ucsb,6/5/2024 7:00:00 PM,2370,,,Blue Oak,,10,,10-20%,9,71-80%,Lichen volume is similar to lea,,leaves fully flushed but not changed color yet,,Choice_9,,,-120.046102878439,34.6917770516304
124,f2d04e0d-6fbe-4c87-bf35-333099a5106b,7/10/2024 4:25:42 PM,rcruggeri@ucsb.edu_ucsb,7/10/2024 4:25:42 PM,rcruggeri@ucsb.edu_ucsb,6/5/2024 7:00:00 PM,2345,,,Live Oak,,,8,<5%,,11%-20%,Lichen is wispy or mostly small,,,,Increasing_leaf_size,,,-120.046129402805,34.6918125667092
125,00d9ee43-b37f-4f99-a1c8-2790658ab700,7/10/2024 4:25:44 PM,rcruggeri@ucsb.edu_ucsb,7/10/2024 4:25:44 PM,rcruggeri@ucsb.edu_ucsb,6/5/2024 7:00:00 PM,2371,,,Blue Oak,,9,,5-10%,,81-90%,Lichen volume is similar to lea,,leaves fully flushed but not changed color yet,,Choice_9,,,-120.046037325552,34.6916068483025
126,0341c1e3-ff2e-402f-9a42-c6a39d20a923,7/10/2024 4:25:46 PM,rcruggeri@ucsb.edu_ucsb,7/10/2024 4:25:46 PM,rcruggeri@ucsb.edu_ucsb,6/5/2024 7:00:00 PM,2372,,,Blue Oak,,9,,<5%,,81-90%,Lichen volume is similar to lea,,leaves fully flushed but not changed color yet,,Choice_9,,,-120.046070007236,34.6914982673359
127,616fb8b2-dccf-4eaf-8df2-2f33250b3c2e,7/10/2024 4:25:49 PM,rcruggeri@ucsb.edu_ucsb,7/10/2024 4:25:49 PM,rcruggeri@ucsb.edu_ucsb,6/5/2024 7:00:00 PM,2375,,,Blue Oak,,10,,5-10%,,61-70%,Lichen volume is about 25% of l,,leaves fully flushed but not changed color yet,,Choice_9,,,-120.046597271585,34.691869625302
128,51cc4d6e-64fc-4b63-8394-46ffc5e7d26c,7/10/2024 4:25:51 PM,rcruggeri@ucsb.edu_ucsb,7/10/2024 4:25:51 PM,rcruggeri@ucsb.edu_ucsb,6/5/2024 7:00:00 PM,2009,,,Blue Oak,,10,,10-20%,,31-40%,Lichen is wispy or mostly small,,leaves fully flushed but no color change yet,,Choice_9,,,-120.046853653272,34.6918620836205
129,c17da8b0-2498-45cc-aee0-2ec20474efce,7/10/2024 4:25:52 PM,rcruggeri@ucsb.edu_ucsb,7/10/2024 4:25:52 PM,rcruggeri@ucsb.edu_ucsb,6/5/2024 7:00:00 PM,2347,,,Blue Oak,,10,,<5%,,41-50%,Lichen volume is about 25% of l,,leaves fully flushed but no color change yet,,"Increasing_leaf_size,Choice_9",,,-120.046805113595,34.691723910001
130,e5d8a2e5-323c-4f7f-815b-507cd7e475e6,7/10/2024 4:25:55 PM,rcruggeri@ucsb.edu_ucsb,7/10/2024 4:25:55 PM,rcruggeri@ucsb.edu_ucsb,6/5/2024 7:00:00 PM,2343,,,Blue Oak,,10,,5-10%,,71-80%,Lichen volume is similar to lea,,leaves fully flushed but no color change yet,,Choice_9,,,-120.046794852195,34.6917245437735
131,93f4e6de-3bcc-4fd4-af43-3b39d3dd17e8,7/10/2024 4:25:56 PM,rcruggeri@ucsb.edu_ucsb,7/10/2024 4:25:56 PM,rcruggeri@ucsb.edu_ucsb,6/5/2024 7:00:00 PM,2343,,,Live Oak,,,10,<5%,,61-70%,Lichen volume is about 25% of l,,leaves fully flushed but no color change yet,,Choice_9,,,-120.046750448706,34.6915483196047
132,745057cb-c96c-4618-9cca-25cb5d840ad3,7/10/2024 4:25:59 PM,rcruggeri@ucsb.edu_ucsb,7/10/2024 4:25:59 PM,rcruggeri@ucsb.edu_ucsb,6/5/2024 7:00:00 PM,2301,,,Live Oak,,,10,10-20%,,61-70%,Lichen volume is about 25% of l,,leaves fully flushed but no color change yet. double flush!!,,Choice_9,,,-120.04632548371,34.6911149523055
133,5cec4946-39b9-4573-ad6c-746ec3669923,7/10/2024 4:26:01 PM,rcruggeri@ucsb.edu_ucsb,7/10/2024 4:26:01 PM,rcruggeri@ucsb.edu_ucsb,6/5/2024 7:00:00 PM,2331,,,Live Oak,,,9,10-20%,,71-80%,Lichen volume is about 25% of l,,leaves fully flushed but no color change yet,,Increasing_leaf_size,,,-120.046140566024,34.6910371926784
134,a9825c5f-2393-4d57-929b-6db01f24731f,7/10/2024 4:26:03 PM,rcruggeri@ucsb.edu_ucsb,7/10/2024 4:26:03 PM,rcruggeri@ucsb.edu_ucsb,6/5/2024 7:00:00 PM,2376,,,Live Oak,,,10,5-10%,,11%-20%,Lichen is wispy or mostly small,,leaves fully flushed but no color change yet. HUGE leaves!,,Choice_9,,,-120.046899292514,34.6905705717044
135,a4087b68-d7dc-449f-a9b2-756a58f91922,7/10/2024 4:26:05 PM,rcruggeri@ucsb.edu_ucsb,7/10/2024 4:26:05 PM,rcruggeri@ucsb.edu_ucsb,6/5/2024 7:00:00 PM,2369,,,Blue Oak,,8,,<5%,,71-80%,Lichen volume is similar to lea,,leaves fully flushed but no color change yet,,Choice_9,,,-120.047243205861,34.6905006767935
136,4377213a-54e3-4425-81ea-0c5a78802f60,7/10/2024 4:26:06 PM,rcruggeri@ucsb.edu_ucsb,7/10/2024 4:26:06 PM,rcruggeri@ucsb.edu_ucsb,6/5/2024 7:00:00 PM,2367,,,Blue Oak,,7,,10-20%,,61-70%,Lichen volume is about 25% of l,,leaves fully flushed but no color change yet. small leaves. pretty brown,,"Colored_leaves,Choice_9",,,-120.047308398118,34.6904892618649
137,7e56b0f2-7305-4d3b-a8ac-2b1c50af7828,7/10/2024 4:26:08 PM,rcruggeri@ucsb.edu_ucsb,7/10/2024 4:26:08 PM,rcruggeri@ucsb.edu_ucsb,6/5/2024 7:00:00 PM,2365,,,Blue Oak,,8,,<5%,,61-70%,Lichen volume is similar to lea,,leaves fully flushed but no color change yet,,Choice_9,,,-120.047306649822,34.6904981282039
138,5a42c78b-38bc-483c-88b5-19c57f611cd2,7/10/2024 4:26:11 PM,rcruggeri@ucsb.edu_ucsb,7/10/2024 4:26:11 PM,rcruggeri@ucsb.edu_ucsb,6/5/2024 7:00:00 PM,2360,,,Blue Oak,,7,,5-10%,,71-80%,Lichen volume is about 25% of l,,leaves fully flushed but no color change yet,,Choice_9,,,-120.047378700509,34.6905094897078
139,56d908b8-abc0-4f07-b649-2eada2e66d92,7/10/2024 4:26:13 PM,rcruggeri@ucsb.edu_ucsb,7/10/2024 4:26:13 PM,rcruggeri@ucsb.edu_ucsb,6/5/2024 7:00:00 PM,2354,,,Live Oak,,,10,10-20%,,21-30%,Lichen is wispy or mostly small,,leaves fully flushed but no color change yet,,Choice_9,,,-120.047519328148,34.6906177026394
140,343a2592-fd08-4ee9-a68d-c57a7a09d813,7/10/2024 4:26:15 PM,rcruggeri@ucsb.edu_ucsb,7/10/2024 4:26:15 PM,rcruggeri@ucsb.edu_ucsb,6/5/2024 7:00:00 PM,2352,,,Live Oak,,,9,10-20%,,11%-20%,Lichen is wispy or mostly small,,leaves fully flushed but no color change yet,,Choice_9,,,-120.047520696675,34.6906051609397
141,e19b8580-f4c9-45ea-9968-2f289ad6f6d4,7/10/2024 4:26:17 PM,rcruggeri@ucsb.edu_ucsb,7/10/2024 4:26:17 PM,rcruggeri@ucsb.edu_ucsb,6/5/2024 7:00:00 PM,2377,,,Live Oak,,,10,<5%,,11%-20%,Lichen is wispy or mostly small,,leaves fully flushed but no color change yet,,Choice_9,,,-120.04773851769,34.690774689676
142,09b18c07-7056-401e-a05d-d8e63c5a92d7,7/10/2024 4:26:18 PM,rcruggeri@ucsb.edu_ucsb,7/10/2024 4:26:18 PM,rcruggeri@ucsb.edu_ucsb,6/5/2024 7:00:00 PM,2378,,,Blue Oak,,9,,<5%,,61-70%,Lichen volume is about 25% of l,,leaves fully flushed but no color change yet,,Choice_9,,,-120.047910914589,34.6907419841283
143,edcc08f6-c770-4684-99e8-a5eae1878b61,7/10/2024 4:26:20 PM,rcruggeri@ucsb.edu_ucsb,7/10/2024 4:26:20 PM,rcruggeri@ucsb.edu_ucsb,6/5/2024 7:00:00 PM,2379,,,Blue Oak,,10,,<5%,,81-90%,Majority of canopy volume is li,,leaves fully flushed but no color change yet,,Choice_9,,,-120.047977532393,34.6908441054774
144,87ecdf97-2425-4614-a727-705202c3b301,7/10/2024 4:26:22 PM,rcruggeri@ucsb.edu_ucsb,7/10/2024 4:26:22 PM,rcruggeri@ucsb.edu_ucsb,6/5/2024 7:00:00 PM,2380,,,Live Oak,,,10,5-10%,,11%-20%,Lichen is wispy or mostly small,,leaves fully flushed but no color change yet,,Choice_9,,,-120.048006841705,34.6909597154862
145,b01ec34c-fafa-4544-a241-1ac7034de1f7,7/10/2024 4:26:24 PM,rcruggeri@ucsb.edu_ucsb,7/10/2024 4:26:24 PM,rcruggeri@ucsb.edu_ucsb,6/5/2024 7:00:00 PM,2010,,,Blue Oak,,9,,5-10%,,81-90%,Lichen volume is similar to lea,,leaves fully flushed but no color change yet,,Choice_9,,,-120.048071437701,34.6900142303361
146,40519373-dfd2-417e-96c3-14e7a0cb6c28,7/10/2024 4:26:26 PM,rcruggeri@ucsb.edu_ucsb,7/10/2024 4:26:26 PM,rcruggeri@ucsb.edu_ucsb,6/5/2024 7:00:00 PM,2382,,,Blue Oak,,10,,5-10%,,71-80%,Lichen volume is similar to lea,,leaves fully flushed but no color change yet,,Choice_9,,,-120.0480796792,34.6900223157369
147,26987640-522f-4524-ac71-4ba76bc7e4ca,7/10/2024 4:26:27 PM,rcruggeri@ucsb.edu_ucsb,7/10/2024 4:26:27 PM,rcruggeri@ucsb.edu_ucsb,6/5/2024 7:00:00 PM,2381,,,Blue Oak,,8,,<5%,,81-90%,Majority of canopy volume is li,,leaves fully flushed but no color change yet,,Choice_9,,,-120.047758037924,34.6899154999087
148,2551ddbf-addb-41a2-b76e-84d2fefa7041,7/10/2024 4:26:30 PM,rcruggeri@ucsb.edu_ucsb,7/10/2024 4:26:30 PM,rcruggeri@ucsb.edu_ucsb,6/5/2024 7:00:00 PM,2384,,,Blue Oak,,8,,5-10%,,71-80%,Lichen volume is similar to lea,,leaves fully flushed but no color change yet,,Choice_9,,,-120.04767129324,34.689977109544
149,c64f66c8-7ac7-446c-867a-8d4700e8bbb1,7/10/2024 4:26:32 PM,rcruggeri@ucsb.edu_ucsb,7/10/2024 4:26:32 PM,rcruggeri@ucsb.edu_ucsb,6/5/2024 7:00:00 PM,2011,,,Blue Oak,,10,,<5%,,71-80%,Lichen volume is about 25% of l,,leaves fully flushed but no color change yet,,Choice_9,,,-120.047525249588,34.6899339229103
150,ee8378a6-ffe1-4f47-98e3-a2c0b0f81b54,7/10/2024 4:26:34 PM,rcruggeri@ucsb.edu_ucsb,7/10/2024 4:26:34 PM,rcruggeri@ucsb.edu_ucsb,6/5/2024 7:00:00 PM,2383,,,Blue Oak,,10,,5-10%,,81-90%,Majority of canopy volume is li,,leaves fully flushed but no color change yet,,Choice_9,,,-120.047598173927,34.6895508174975
151,bc2c51f6-72f0-43ea-baa0-be7ad71ec7f1,7/10/2024 4:26:36 PM,rcruggeri@ucsb.edu_ucsb,7/10/2024 4:26:36 PM,rcruggeri@ucsb.edu_ucsb,6/5/2024 7:00:00 PM,2024,,,Blue Oak,,8,,<5%,,81-90%,Lichen volume is similar to lea,,leaves fully flushed but no color change yet,,Choice_9,,,-120.050872136212,34.6873277603012
152,a116c495-2c10-48ea-832f-6dca6c3c12cf,7/10/2024 4:26:38 PM,rcruggeri@ucsb.edu_ucsb,7/10/2024 4:26:38 PM,rcruggeri@ucsb.edu_ucsb,6/5/2024 7:00:00 PM,2023,,,Live Oak,,,10,10-20%,,21-30%,Lichen is wispy or mostly small,,leaves fully flushed but no color change yet,,Choice_9,,,-120.050898658525,34.6871449929663
153,81cbc393-27c8-4a65-8cb1-8b246a3cc20b,7/10/2024 4:26:41 PM,rcruggeri@ucsb.edu_ucsb,7/10/2024 4:26:41 PM,rcruggeri@ucsb.edu_ucsb,6/5/2024 7:00:00 PM,2022,,,Live Oak,,,9,5-10%,,41-50%,Lichen volume is about 25% of l,,leaves fully flushed but no color change yet,,Choice_9,,,-120.050878964019,34.6869913496375
154,674d08c9-14c2-4554-9bd1-ab27d88ae587,7/10/2024 4:26:42 PM,rcruggeri@ucsb.edu_ucsb,7/10/2024 4:26:42 PM,rcruggeri@ucsb.edu_ucsb,6/5/2024 7:00:00 PM,2021,,,Blue Oak,,7,,<5%,,81-90%,Majority of canopy volume is li,,leaves fully flushed but no color change yet,,Choice_9,,,-120.050802032828,34.6866725089622
155,ae31d436-da0b-49c1-8ee7-eabb67a06c5e,7/10/2024 4:26:44 PM,rcruggeri@ucsb.edu_ucsb,7/10/2024 4:26:44 PM,rcruggeri@ucsb.edu_ucsb,6/5/2024 7:00:00 PM,2025,,,Blue Oak,,8,,10-20%,,71-80%,Majority of canopy volume is li,,leaves fully flushed but no color change yet,,Choice_9,,,-120.050912114645,34.6863763071701
156,c5d239e1-a8e3-4f34-b2ec-f3ac6f3391cd,7/10/2024 4:26:45 PM,rcruggeri@ucsb.edu_ucsb,7/10/2024 4:26:45 PM,rcruggeri@ucsb.edu_ucsb,6/5/2024 7:00:00 PM,2020,,,Blue Oak,,8,,5-10%,,71-80%,Lichen volume is similar to lea,,leaves fully flushed but no color change yet,,Choice_9,,,-120.050800280943,34.6862889261381
157,2e3d8f4c-4de0-42ba-9587-f8b90c1725f1,7/10/2024 4:26:47 PM,rcruggeri@ucsb.edu_ucsb,7/10/2024 4:26:47 PM,rcruggeri@ucsb.edu_ucsb,6/5/2024 7:00:00 PM,2026,,,Blue Oak,,9,,5-10%,,81-90%,Lichen volume is similar to lea,,leaves fully flushed but no color change yet. ,,Choice_9,,,-120.050928812174,34.6855576546763
158,e366003c-b596-409f-8317-9e1755449b60,7/10/2024 4:26:48 PM,rcruggeri@ucsb.edu_ucsb,7/10/2024 4:26:48 PM,rcruggeri@ucsb.edu_ucsb,6/5/2024 7:00:00 PM,2026,,,Blue Oak,,9,,<5%,,71-80%,Lichen volume is similar to lea,,leaves fully flushed but no color change yet,,Choice_9,,,-120.05085250742,34.6854950990949
159,ed061a40-e23e-4824-af48-ddfae68c842d,7/10/2024 4:26:49 PM,rcruggeri@ucsb.edu_ucsb,7/10/2024 4:26:49 PM,rcruggeri@ucsb.edu_ucsb,6/5/2024 7:00:00 PM,2028,,,Blue Oak,,8,,5-10%,,81-90%,Lichen volume is similar to lea,,leaves fully flushed but no color change yet,,Choice_9,,,-120.051390896607,34.6854312208171
160,b8d0541e-1135-42ef-b21f-05e7d8ffdee8,7/10/2024 4:26:51 PM,rcruggeri@ucsb.edu_ucsb,7/10/2024 4:26:51 PM,rcruggeri@ucsb.edu_ucsb,6/5/2024 7:00:00 PM,2029,,,Live Oak,,,10,10-20%,,11%-20%,Lichen is wispy or mostly small,,leaves fully flushed but no color change yet,,Choice_9,,,-120.051339436564,34.6853284950024
161,22c6ae82-2410-4a5f-a984-4cb7ee1f5d59,7/10/2024 4:26:52 PM,rcruggeri@ucsb.edu_ucsb,7/10/2024 4:26:52 PM,rcruggeri@ucsb.edu_ucsb,6/5/2024 7:00:00 PM,2030,,,Live Oak,,,8,5-10%,1,21-30%,Lichen is wispy or mostly small,,leaves fully flushed but no color change yet,,Choice_9,,,-120.051678579069,34.6851830358114
162,52be4ce3-9743-4287-9d39-011b0c51bf2c,7/10/2024 4:26:53 PM,rcruggeri@ucsb.edu_ucsb,7/10/2024 4:26:53 PM,rcruggeri@ucsb.edu_ucsb,6/5/2024 7:00:00 PM,2031,,,Blue Oak,,9,,<5%,,51-60%,Lichen volume is about 25% of l,,leaves fully flushed but no color change yet,,Choice_9,,,-120.052233293322,34.6847592690299
163,9c0d2340-e51f-4650-bc21-7dbac204bef8,7/10/2024 4:26:55 PM,rcruggeri@ucsb.edu_ucsb,7/10/2024 4:26:55 PM,rcruggeri@ucsb.edu_ucsb,6/5/2024 7:00:00 PM,1478,,,Blue Oak,,8,,<5%,2,71-80%,Lichen is wispy or mostly small,,leaves fully flushed but no color change yet,,Choice_9,,,-120.050026825333,34.6963247157128
164,ef6c2700-5b30-4392-b29c-2eac6aa9223c,7/10/2024 4:26:56 PM,rcruggeri@ucsb.edu_ucsb,7/10/2024 4:26:56 PM,rcruggeri@ucsb.edu_ucsb,6/5/2024 7:00:00 PM,2016,,,Blue Oak,,8,,5-10%,,41-50%,Lichen is wispy or mostly small,,leaves fully flushed but no color change yet,,Choice_9,,,-120.050373412462,34.6965817396403
165,cf33e452-a6ba-440e-8742-78f6988925bd,7/10/2024 4:26:58 PM,rcruggeri@ucsb.edu_ucsb,7/10/2024 4:26:58 PM,rcruggeri@ucsb.edu_ucsb,6/5/2024 7:00:00 PM,2012,,,Blue Oak,,9,,<5%,,61-70%,Lichen volume is about 25% of l,,leaves fully flushed but no color change yet,,Choice_9,,,-120.05047300274,34.6971010356053
166,33ae17d1-2670-4f1b-8e44-2d9b6c3711cd,7/10/2024 4:26:59 PM,rcruggeri@ucsb.edu_ucsb,7/10/2024 4:26:59 PM,rcruggeri@ucsb.edu_ucsb,6/5/2024 7:00:00 PM,2013,,,Blue Oak,,9,,<5%,,11%-20%,Lichen is wispy or mostly small,,leaves fully flushed but no color change yet,,Choice_9,,,-120.050858445102,34.6976470268478
167,24a39b12-d47a-42a7-b2c2-f3f0e3bb3750,7/10/2024 4:27:01 PM,rcruggeri@ucsb.edu_ucsb,7/10/2024 4:27:01 PM,rcruggeri@ucsb.edu_ucsb,6/5/2024 7:00:00 PM,2015,,,Blue Oak,,8,,<5%,,71-80%,Lichen volume is similar to lea,,leaves fully flushed but no color change yet,,Choice_9,,,-120.050872843042,34.6976405399425
168,35264507-a2b2-416e-8cbb-edde169b27d0,7/10/2024 4:27:02 PM,rcruggeri@ucsb.edu_ucsb,7/10/2024 4:27:02 PM,rcruggeri@ucsb.edu_ucsb,6/5/2024 7:00:00 PM,2006,,,Blue Oak,,10,,<5%,,71-80%,Lichen volume is similar to lea,,leaves fully flushed but no color change yet,,Choice_9,,,-120.050415419074,34.698083304054
169,df7c3097-3c46-4df3-8cb6-dbcd5f0308b4,7/10/2024 4:27:03 PM,rcruggeri@ucsb.edu_ucsb,7/10/2024 4:27:03 PM,rcruggeri@ucsb.edu_ucsb,6/5/2024 7:00:00 PM,2007,,,Blue Oak,,8,,<5%,,71-80%,Lichen volume is similar to lea,,leaves fully flushed but no color change yet,,Choice_9,,,-120.050565851813,34.698280005739
170,2f18e189-bfdc-4945-81d1-81b8dab18afa,7/10/2024 4:27:04 PM,rcruggeri@ucsb.edu_ucsb,7/10/2024 4:27:04 PM,rcruggeri@ucsb.edu_ucsb,6/5/2024 7:00:00 PM,2008,,,Blue Oak,,9,,5-10%,,71-80%,Lichen volume is similar to lea,,leaves fully flushed but no color change yet,,Choice_9,,,-120.05056576625,34.6982945190256
171,501ddcfe-a703-4504-b7d1-2a999353d63a,7/10/2024 4:27:06 PM,rcruggeri@ucsb.edu_ucsb,7/10/2024 4:27:06 PM,rcruggeri@ucsb.edu_ucsb,6/5/2024 7:00:00 PM,2005,,,Blue Oak,,9,,<5%,,71-80%,Lichen volume is similar to lea,,leaves fully flushed but no color change yet,,Choice_9,,,-120.050226847794,34.6976100854076
172,69e01c0c-4d69-47a9-8dbb-fc4d719b15ee,7/10/2024 4:27:08 PM,rcruggeri@ucsb.edu_ucsb,7/10/2024 4:27:08 PM,rcruggeri@ucsb.edu_ucsb,6/5/2024 7:00:00 PM,2004,,,Blue Oak,,10,,<5%,,81-90%,Lichen volume is similar to lea,,leaves fully flushed but no color change yet,,Choice_9,,,0,0
